[
  {
    "p": {
      "start": {
        "identity": "9:中共中央关于制定国民经济和社会发展第十四个五年规划和二〇三五年远景目标的建议",
        "labels": [
          "doc"
        ],
        "properties": {
          "doc_year": "2020",
          "doc_source": "十九届五中全会",
          "doc_author": "None",
          "doc_type": "碳政策",
          "name": "中共中央关于制定国民经济和社会发展第十四个五年规划和二〇三五年远景目标的建议",
          "doc_url": "None",
          "doc_title": "中共中央关于制定国民经济和社会发展第十四个五年规划和二〇三五年远景目标的建议",
          "doc_summary": "“十四五”发展目标：能源资源配置更加合理、利用效率大幅提高。加快推动绿色低碳发展，降低碳排放强度，支持有条件的地方率先达到碳排放峰值，制定二〇三〇年前碳排放达峰行动方案。全面实行排污许可制，推进排污权、用能权、用水权、碳排放权市场化交易。\n2035年远景目标：广泛形成绿色生产生活方式，碳排放达峰后稳中有降。"
        }
      },
      "end": {
        "identity": "13:碳政策",
        "labels": [
          "doc_type"
        ],
        "properties": {
          "doc_year": null,
          "doc_source": null,
          "doc_author": null,
          "doc_type": "碳政策",
          "name": "碳政策",
          "doc_url": null,
          "doc_title": null,
          "doc_summary": null
        }
      },
      "segments": [
        {
          "start": {
            "identity": "9:中共中央关于制定国民经济和社会发展第十四个五年规划和二〇三五年远景目标的建议",
            "labels": [
              "doc"
            ],
            "properties": {
              "doc_year": "2020",
              "doc_source": "十九届五中全会",
              "doc_author": "None",
              "doc_type": "碳政策",
              "name": "中共中央关于制定国民经济和社会发展第十四个五年规划和二〇三五年远景目标的建议",
              "doc_url": "None",
              "doc_title": "中共中央关于制定国民经济和社会发展第十四个五年规划和二〇三五年远景目标的建议",
              "doc_summary": "“十四五”发展目标：能源资源配置更加合理、利用效率大幅提高。加快推动绿色低碳发展，降低碳排放强度，支持有条件的地方率先达到碳排放峰值，制定二〇三〇年前碳排放达峰行动方案。全面实行排污许可制，推进排污权、用能权、用水权、碳排放权市场化交易。\n2035年远景目标：广泛形成绿色生产生活方式，碳排放达峰后稳中有降。"
            }
          },
          "relationship": {
            "identity": "S9:中共中央关于制定国民经济和社会发展第十四个五年规划和二〇三五年远景目标的建议>6>>S13:碳政策",
            "start": "9:中共中央关于制定国民经济和社会发展第十四个五年规划和二〇三五年远景目标的建议",
            "end": "13:碳政策",
            "type": "doc_type",
            "properties": {
              "name": "碳政策"
            }
          },
          "end": {
            "identity": "13:碳政策",
            "labels": [
              "doc_type"
            ],
            "properties": {
              "doc_year": null,
              "doc_source": null,
              "doc_author": null,
              "doc_type": "碳政策",
              "name": "碳政策",
              "doc_url": null,
              "doc_title": null,
              "doc_summary": null
            }
          }
        }
      ],
      "length": 1
    }
  }
]