﻿[
  {
    "p": {
      "start": {
        "identity": 28,
        "labels": [
          "Enterprise"
        ],
        "properties": {
          "name": "深圳市葆丰医疗器械有限公司",
          "setup_time": "2009/9/27",
          "address": "深圳市龙岗区南湾街道吉厦早禾坑工业区3号C栋厂房一楼",
          "captial": "50.0万人民币",
          "credit_code": "91440300695579070F"
        }
      },
      "end": {
        "identity": 46,
        "labels": [
          "Enterprise"
        ],
        "properties": {
          "name": "深圳市鑫立达宏科技有限公司",
          "setup_time": "2005/7/13",
          "address": "深圳市龙华区福城街道茜坑社区观澜大道19号23栋603",
          "captial": "100.0万人民币",
          "credit_code": "91440300777175432L"
        }
      },
      "segments": [
        {
          "start": {
            "identity": 28,
            "labels": [
              "Enterprise"
            ],
            "properties": {
              "name": "深圳市葆丰医疗器械有限公司",
              "setup_time": "2009/9/27",
              "address": "深圳市龙岗区南湾街道吉厦早禾坑工业区3号C栋厂房一楼",
              "captial": "50.0万人民币",
              "credit_code": "91440300695579070F"
            }
          },
          "relationship": {
            "identity": 683943,
            "start": 28,
            "end": 122723,
            "type": "type",
            "properties": {
              "name": "类型"
            }
          },
          "end": {
            "identity": 122723,
            "labels": [
              "Type"
            ],
            "properties": {
              "name": "生产型"
            }
          }
        },
        {
          "start": {
            "identity": 122723,
            "labels": [
              "Type"
            ],
            "properties": {
              "name": "生产型"
            }
          },
          "relationship": {
            "identity": 620306,
            "start": 46,
            "end": 122723,
            "type": "type",
            "properties": {
              "name": "类型"
            }
          },
          "end": {
            "identity": 46,
            "labels": [
              "Enterprise"
            ],
            "properties": {
              "name": "深圳市鑫立达宏科技有限公司",
              "setup_time": "2005/7/13",
              "address": "深圳市龙华区福城街道茜坑社区观澜大道19号23栋603",
              "captial": "100.0万人民币",
              "credit_code": "91440300777175432L"
            }
          }
        }
      ],
      "length": 2.0
    }
  },
  {
    "p": {
      "start": {
        "identity": 28,
        "labels": [
          "Enterprise"
        ],
        "properties": {
          "name": "深圳市葆丰医疗器械有限公司",
          "setup_time": "2009/9/27",
          "address": "深圳市龙岗区南湾街道吉厦早禾坑工业区3号C栋厂房一楼",
          "captial": "50.0万人民币",
          "credit_code": "91440300695579070F"
        }
      },
      "end": {
        "identity": 46,
        "labels": [
          "Enterprise"
        ],
        "properties": {
          "name": "深圳市鑫立达宏科技有限公司",
          "setup_time": "2005/7/13",
          "address": "深圳市龙华区福城街道茜坑社区观澜大道19号23栋603",
          "captial": "100.0万人民币",
          "credit_code": "91440300777175432L"
        }
      },
      "segments": [
        {
          "start": {
            "identity": 28,
            "labels": [
              "Enterprise"
            ],
            "properties": {
              "name": "深圳市葆丰医疗器械有限公司",
              "setup_time": "2009/9/27",
              "address": "深圳市龙岗区南湾街道吉厦早禾坑工业区3号C栋厂房一楼",
              "captial": "50.0万人民币",
              "credit_code": "91440300695579070F"
            }
          },
          "relationship": {
            "identity": 526049,
            "start": 28,
            "end": 120786,
            "type": "export",
            "properties": {
              "name": "出口"
            }
          },
          "end": {
            "identity": 120786,
            "labels": [
              "Country"
            ],
            "properties": {
              "name": "印度"
            }
          }
        },
        {
          "start": {
            "identity": 120786,
            "labels": [
              "Country"
            ],
            "properties": {
              "name": "印度"
            }
          },
          "relationship": {
            "identity": 504363,
            "start": 46,
            "end": 120786,
            "type": "export",
            "properties": {
              "name": "出口"
            }
          },
          "end": {
            "identity": 46,
            "labels": [
              "Enterprise"
            ],
            "properties": {
              "name": "深圳市鑫立达宏科技有限公司",
              "setup_time": "2005/7/13",
              "address": "深圳市龙华区福城街道茜坑社区观澜大道19号23栋603",
              "captial": "100.0万人民币",
              "credit_code": "91440300777175432L"
            }
          }
        }
      ],
      "length": 2.0
    }
  },
  {
    "p": {
      "start": {
        "identity": 28,
        "labels": [
          "Enterprise"
        ],
        "properties": {
          "name": "深圳市葆丰医疗器械有限公司",
          "setup_time": "2009/9/27",
          "address": "深圳市龙岗区南湾街道吉厦早禾坑工业区3号C栋厂房一楼",
          "captial": "50.0万人民币",
          "credit_code": "91440300695579070F"
        }
      },
      "end": {
        "identity": 46,
        "labels": [
          "Enterprise"
        ],
        "properties": {
          "name": "深圳市鑫立达宏科技有限公司",
          "setup_time": "2005/7/13",
          "address": "深圳市龙华区福城街道茜坑社区观澜大道19号23栋603",
          "captial": "100.0万人民币",
          "credit_code": "91440300777175432L"
        }
      },
      "segments": [
        {
          "start": {
            "identity": 28,
            "labels": [
              "Enterprise"
            ],
            "properties": {
              "name": "深圳市葆丰医疗器械有限公司",
              "setup_time": "2009/9/27",
              "address": "深圳市龙岗区南湾街道吉厦早禾坑工业区3号C栋厂房一楼",
              "captial": "50.0万人民币",
              "credit_code": "91440300695579070F"
            }
          },
          "relationship": {
            "identity": 446386,
            "start": 28,
            "end": 120976,
            "type": "export",
            "properties": {
              "name": "出口"
            }
          },
          "end": {
            "identity": 120976,
            "labels": [
              "Country"
            ],
            "properties": {
              "name": "阿富汗"
            }
          }
        },
        {
          "start": {
            "identity": 120976,
            "labels": [
              "Country"
            ],
            "properties": {
              "name": "阿富汗"
            }
          },
          "relationship": {
            "identity": 380370,
            "start": 46,
            "end": 120976,
            "type": "export",
            "properties": {
              "name": "出口"
            }
          },
          "end": {
            "identity": 46,
            "labels": [
              "Enterprise"
            ],
            "properties": {
              "name": "深圳市鑫立达宏科技有限公司",
              "setup_time": "2005/7/13",
              "address": "深圳市龙华区福城街道茜坑社区观澜大道19号23栋603",
              "captial": "100.0万人民币",
              "credit_code": "91440300777175432L"
            }
          }
        }
      ],
      "length": 2.0
    }
  },
  {
    "p": {
      "start": {
        "identity": 28,
        "labels": [
          "Enterprise"
        ],
        "properties": {
          "name": "深圳市葆丰医疗器械有限公司",
          "setup_time": "2009/9/27",
          "address": "深圳市龙岗区南湾街道吉厦早禾坑工业区3号C栋厂房一楼",
          "captial": "50.0万人民币",
          "credit_code": "91440300695579070F"
        }
      },
      "end": {
        "identity": 46,
        "labels": [
          "Enterprise"
        ],
        "properties": {
          "name": "深圳市鑫立达宏科技有限公司",
          "setup_time": "2005/7/13",
          "address": "深圳市龙华区福城街道茜坑社区观澜大道19号23栋603",
          "captial": "100.0万人民币",
          "credit_code": "91440300777175432L"
        }
      },
      "segments": [
        {
          "start": {
            "identity": 28,
            "labels": [
              "Enterprise"
            ],
            "properties": {
              "name": "深圳市葆丰医疗器械有限公司",
              "setup_time": "2009/9/27",
              "address": "深圳市龙岗区南湾街道吉厦早禾坑工业区3号C栋厂房一楼",
              "captial": "50.0万人民币",
              "credit_code": "91440300695579070F"
            }
          },
          "relationship": {
            "identity": 224315,
            "start": 28,
            "end": 120919,
            "type": "export",
            "properties": {
              "name": "出口"
            }
          },
          "end": {
            "identity": 120919,
            "labels": [
              "Country"
            ],
            "properties": {
              "name": "卡塔尔"
            }
          }
        },
        {
          "start": {
            "identity": 120919,
            "labels": [
              "Country"
            ],
            "properties": {
              "name": "卡塔尔"
            }
          },
          "relationship": {
            "identity": 277377,
            "start": 46,
            "end": 120919,
            "type": "export",
            "properties": {
              "name": "出口"
            }
          },
          "end": {
            "identity": 46,
            "labels": [
              "Enterprise"
            ],
            "properties": {
              "name": "深圳市鑫立达宏科技有限公司",
              "setup_time": "2005/7/13",
              "address": "深圳市龙华区福城街道茜坑社区观澜大道19号23栋603",
              "captial": "100.0万人民币",
              "credit_code": "91440300777175432L"
            }
          }
        }
      ],
      "length": 2.0
    }
  },
  {
    "p": {
      "start": {
        "identity": 28,
        "labels": [
          "Enterprise"
        ],
        "properties": {
          "name": "深圳市葆丰医疗器械有限公司",
          "setup_time": "2009/9/27",
          "address": "深圳市龙岗区南湾街道吉厦早禾坑工业区3号C栋厂房一楼",
          "captial": "50.0万人民币",
          "credit_code": "91440300695579070F"
        }
      },
      "end": {
        "identity": 46,
        "labels": [
          "Enterprise"
        ],
        "properties": {
          "name": "深圳市鑫立达宏科技有限公司",
          "setup_time": "2005/7/13",
          "address": "深圳市龙华区福城街道茜坑社区观澜大道19号23栋603",
          "captial": "100.0万人民币",
          "credit_code": "91440300777175432L"
        }
      },
      "segments": [
        {
          "start": {
            "identity": 28,
            "labels": [
              "Enterprise"
            ],
            "properties": {
              "name": "深圳市葆丰医疗器械有限公司",
              "setup_time": "2009/9/27",
              "address": "深圳市龙岗区南湾街道吉厦早禾坑工业区3号C栋厂房一楼",
              "captial": "50.0万人民币",
              "credit_code": "91440300695579070F"
            }
          },
          "relationship": {
            "identity": 19068,
            "start": 28,
            "end": 120853,
            "type": "locate",
            "properties": {
              "name": "所在地区"
            }
          },
          "end": {
            "identity": 120853,
            "labels": [
              "Region"
            ],
            "properties": {
              "name": "广东省"
            }
          }
        },
        {
          "start": {
            "identity": 120853,
            "labels": [
              "Region"
            ],
            "properties": {
              "name": "广东省"
            }
          },
          "relationship": {
            "identity": 32064,
            "start": 46,
            "end": 120853,
            "type": "locate",
            "properties": {
              "name": "所在地区"
            }
          },
          "end": {
            "identity": 46,
            "labels": [
              "Enterprise"
            ],
            "properties": {
              "name": "深圳市鑫立达宏科技有限公司",
              "setup_time": "2005/7/13",
              "address": "深圳市龙华区福城街道茜坑社区观澜大道19号23栋603",
              "captial": "100.0万人民币",
              "credit_code": "91440300777175432L"
            }
          }
        }
      ],
      "length": 2.0
    }
  },
  {
    "p": {
      "start": {
        "identity": 25,
        "labels": [
          "Enterprise"
        ],
        "properties": {
          "name": "深圳市中微泽电子有限公司",
          "setup_time": "2000/2/21",
          "address": "深圳市龙岗区布吉街道赛格新城市广场第五号楼一座17层1703房",
          "captial": "1250.0万人民币",
          "credit_code": "91440300715274566C"
        }
      },
      "end": {
        "identity": 46,
        "labels": [
          "Enterprise"
        ],
        "properties": {
          "name": "深圳市鑫立达宏科技有限公司",
          "setup_time": "2005/7/13",
          "address": "深圳市龙华区福城街道茜坑社区观澜大道19号23栋603",
          "captial": "100.0万人民币",
          "credit_code": "91440300777175432L"
        }
      },
      "segments": [
        {
          "start": {
            "identity": 25,
            "labels": [
              "Enterprise"
            ],
            "properties": {
              "name": "深圳市中微泽电子有限公司",
              "setup_time": "2000/2/21",
              "address": "深圳市龙岗区布吉街道赛格新城市广场第五号楼一座17层1703房",
              "captial": "1250.0万人民币",
              "credit_code": "91440300715274566C"
            }
          },
          "relationship": {
            "identity": 711801,
            "start": 25,
            "end": 122723,
            "type": "type",
            "properties": {
              "name": "类型"
            }
          },
          "end": {
            "identity": 122723,
            "labels": [
              "Type"
            ],
            "properties": {
              "name": "生产型"
            }
          }
        },
        {
          "start": {
            "identity": 122723,
            "labels": [
              "Type"
            ],
            "properties": {
              "name": "生产型"
            }
          },
          "relationship": {
            "identity": 620306,
            "start": 46,
            "end": 122723,
            "type": "type",
            "properties": {
              "name": "类型"
            }
          },
          "end": {
            "identity": 46,
            "labels": [
              "Enterprise"
            ],
            "properties": {
              "name": "深圳市鑫立达宏科技有限公司",
              "setup_time": "2005/7/13",
              "address": "深圳市龙华区福城街道茜坑社区观澜大道19号23栋603",
              "captial": "100.0万人民币",
              "credit_code": "91440300777175432L"
            }
          }
        }
      ],
      "length": 2.0
    }
  },
  {
    "p": {
      "start": {
        "identity": 25,
        "labels": [
          "Enterprise"
        ],
        "properties": {
          "name": "深圳市中微泽电子有限公司",
          "setup_time": "2000/2/21",
          "address": "深圳市龙岗区布吉街道赛格新城市广场第五号楼一座17层1703房",
          "captial": "1250.0万人民币",
          "credit_code": "91440300715274566C"
        }
      },
      "end": {
        "identity": 46,
        "labels": [
          "Enterprise"
        ],
        "properties": {
          "name": "深圳市鑫立达宏科技有限公司",
          "setup_time": "2005/7/13",
          "address": "深圳市龙华区福城街道茜坑社区观澜大道19号23栋603",
          "captial": "100.0万人民币",
          "credit_code": "91440300777175432L"
        }
      },
      "segments": [
        {
          "start": {
            "identity": 25,
            "labels": [
              "Enterprise"
            ],
            "properties": {
              "name": "深圳市中微泽电子有限公司",
              "setup_time": "2000/2/21",
              "address": "深圳市龙岗区布吉街道赛格新城市广场第五号楼一座17层1703房",
              "captial": "1250.0万人民币",
              "credit_code": "91440300715274566C"
            }
          },
          "relationship": {
            "identity": 154652,
            "start": 25,
            "end": 120916,
            "type": "export",
            "properties": {
              "name": "出口"
            }
          },
          "end": {
            "identity": 120916,
            "labels": [
              "Country"
            ],
            "properties": {
              "name": "斯里兰卡"
            }
          }
        },
        {
          "start": {
            "identity": 120916,
            "labels": [
              "Country"
            ],
            "properties": {
              "name": "斯里兰卡"
            }
          },
          "relationship": {
            "identity": 532199,
            "start": 46,
            "end": 120916,
            "type": "export",
            "properties": {
              "name": "出口"
            }
          },
          "end": {
            "identity": 46,
            "labels": [
              "Enterprise"
            ],
            "properties": {
              "name": "深圳市鑫立达宏科技有限公司",
              "setup_time": "2005/7/13",
              "address": "深圳市龙华区福城街道茜坑社区观澜大道19号23栋603",
              "captial": "100.0万人民币",
              "credit_code": "91440300777175432L"
            }
          }
        }
      ],
      "length": 2.0
    }
  },
  {
    "p": {
      "start": {
        "identity": 25,
        "labels": [
          "Enterprise"
        ],
        "properties": {
          "name": "深圳市中微泽电子有限公司",
          "setup_time": "2000/2/21",
          "address": "深圳市龙岗区布吉街道赛格新城市广场第五号楼一座17层1703房",
          "captial": "1250.0万人民币",
          "credit_code": "91440300715274566C"
        }
      },
      "end": {
        "identity": 46,
        "labels": [
          "Enterprise"
        ],
        "properties": {
          "name": "深圳市鑫立达宏科技有限公司",
          "setup_time": "2005/7/13",
          "address": "深圳市龙华区福城街道茜坑社区观澜大道19号23栋603",
          "captial": "100.0万人民币",
          "credit_code": "91440300777175432L"
        }
      },
      "segments": [
        {
          "start": {
            "identity": 25,
            "labels": [
              "Enterprise"
            ],
            "properties": {
              "name": "深圳市中微泽电子有限公司",
              "setup_time": "2000/2/21",
              "address": "深圳市龙岗区布吉街道赛格新城市广场第五号楼一座17层1703房",
              "captial": "1250.0万人民币",
              "credit_code": "91440300715274566C"
            }
          },
          "relationship": {
            "identity": 191779,
            "start": 25,
            "end": 120786,
            "type": "export",
            "properties": {
              "name": "出口"
            }
          },
          "end": {
            "identity": 120786,
            "labels": [
              "Country"
            ],
            "properties": {
              "name": "印度"
            }
          }
        },
        {
          "start": {
            "identity": 120786,
            "labels": [
              "Country"
            ],
            "properties": {
              "name": "印度"
            }
          },
          "relationship": {
            "identity": 504363,
            "start": 46,
            "end": 120786,
            "type": "export",
            "properties": {
              "name": "出口"
            }
          },
          "end": {
            "identity": 46,
            "labels": [
              "Enterprise"
            ],
            "properties": {
              "name": "深圳市鑫立达宏科技有限公司",
              "setup_time": "2005/7/13",
              "address": "深圳市龙华区福城街道茜坑社区观澜大道19号23栋603",
              "captial": "100.0万人民币",
              "credit_code": "91440300777175432L"
            }
          }
        }
      ],
      "length": 2.0
    }
  },
  {
    "p": {
      "start": {
        "identity": 25,
        "labels": [
          "Enterprise"
        ],
        "properties": {
          "name": "深圳市中微泽电子有限公司",
          "setup_time": "2000/2/21",
          "address": "深圳市龙岗区布吉街道赛格新城市广场第五号楼一座17层1703房",
          "captial": "1250.0万人民币",
          "credit_code": "91440300715274566C"
        }
      },
      "end": {
        "identity": 46,
        "labels": [
          "Enterprise"
        ],
        "properties": {
          "name": "深圳市鑫立达宏科技有限公司",
          "setup_time": "2005/7/13",
          "address": "深圳市龙华区福城街道茜坑社区观澜大道19号23栋603",
          "captial": "100.0万人民币",
          "credit_code": "91440300777175432L"
        }
      },
      "segments": [
        {
          "start": {
            "identity": 25,
            "labels": [
              "Enterprise"
            ],
            "properties": {
              "name": "深圳市中微泽电子有限公司",
              "setup_time": "2000/2/21",
              "address": "深圳市龙岗区布吉街道赛格新城市广场第五号楼一座17层1703房",
              "captial": "1250.0万人民币",
              "credit_code": "91440300715274566C"
            }
          },
          "relationship": {
            "identity": 442315,
            "start": 25,
            "end": 120880,
            "type": "export",
            "properties": {
              "name": "出口"
            }
          },
          "end": {
            "identity": 120880,
            "labels": [
              "Country"
            ],
            "properties": {
              "name": "马来西亚"
            }
          }
        },
        {
          "start": {
            "identity": 120880,
            "labels": [
              "Country"
            ],
            "properties": {
              "name": "马来西亚"
            }
          },
          "relationship": {
            "identity": 311756,
            "start": 46,
            "end": 120880,
            "type": "export",
            "properties": {
              "name": "出口"
            }
          },
          "end": {
            "identity": 46,
            "labels": [
              "Enterprise"
            ],
            "properties": {
              "name": "深圳市鑫立达宏科技有限公司",
              "setup_time": "2005/7/13",
              "address": "深圳市龙华区福城街道茜坑社区观澜大道19号23栋603",
              "captial": "100.0万人民币",
              "credit_code": "91440300777175432L"
            }
          }
        }
      ],
      "length": 2.0
    }
  },
  {
    "p": {
      "start": {
        "identity": 25,
        "labels": [
          "Enterprise"
        ],
        "properties": {
          "name": "深圳市中微泽电子有限公司",
          "setup_time": "2000/2/21",
          "address": "深圳市龙岗区布吉街道赛格新城市广场第五号楼一座17层1703房",
          "captial": "1250.0万人民币",
          "credit_code": "91440300715274566C"
        }
      },
      "end": {
        "identity": 46,
        "labels": [
          "Enterprise"
        ],
        "properties": {
          "name": "深圳市鑫立达宏科技有限公司",
          "setup_time": "2005/7/13",
          "address": "深圳市龙华区福城街道茜坑社区观澜大道19号23栋603",
          "captial": "100.0万人民币",
          "credit_code": "91440300777175432L"
        }
      },
      "segments": [
        {
          "start": {
            "identity": 25,
            "labels": [
              "Enterprise"
            ],
            "properties": {
              "name": "深圳市中微泽电子有限公司",
              "setup_time": "2000/2/21",
              "address": "深圳市龙岗区布吉街道赛格新城市广场第五号楼一座17层1703房",
              "captial": "1250.0万人民币",
              "credit_code": "91440300715274566C"
            }
          },
          "relationship": {
            "identity": 63811,
            "start": 25,
            "end": 120853,
            "type": "locate",
            "properties": {
              "name": "所在地区"
            }
          },
          "end": {
            "identity": 120853,
            "labels": [
              "Region"
            ],
            "properties": {
              "name": "广东省"
            }
          }
        },
        {
          "start": {
            "identity": 120853,
            "labels": [
              "Region"
            ],
            "properties": {
              "name": "广东省"
            }
          },
          "relationship": {
            "identity": 32064,
            "start": 46,
            "end": 120853,
            "type": "locate",
            "properties": {
              "name": "所在地区"
            }
          },
          "end": {
            "identity": 46,
            "labels": [
              "Enterprise"
            ],
            "properties": {
              "name": "深圳市鑫立达宏科技有限公司",
              "setup_time": "2005/7/13",
              "address": "深圳市龙华区福城街道茜坑社区观澜大道19号23栋603",
              "captial": "100.0万人民币",
              "credit_code": "91440300777175432L"
            }
          }
        }
      ],
      "length": 2.0
    }
  },
  {
    "p": {
      "start": {
        "identity": 46,
        "labels": [
          "Enterprise"
        ],
        "properties": {
          "name": "深圳市鑫立达宏科技有限公司",
          "setup_time": "2005/7/13",
          "address": "深圳市龙华区福城街道茜坑社区观澜大道19号23栋603",
          "captial": "100.0万人民币",
          "credit_code": "91440300777175432L"
        }
      },
      "end": {
        "identity": 122723,
        "labels": [
          "Type"
        ],
        "properties": {
          "name": "生产型"
        }
      },
      "segments": [
        {
          "start": {
            "identity": 46,
            "labels": [
              "Enterprise"
            ],
            "properties": {
              "name": "深圳市鑫立达宏科技有限公司",
              "setup_time": "2005/7/13",
              "address": "深圳市龙华区福城街道茜坑社区观澜大道19号23栋603",
              "captial": "100.0万人民币",
              "credit_code": "91440300777175432L"
            }
          },
          "relationship": {
            "identity": 620306,
            "start": 46,
            "end": 122723,
            "type": "type",
            "properties": {
              "name": "类型"
            }
          },
          "end": {
            "identity": 122723,
            "labels": [
              "Type"
            ],
            "properties": {
              "name": "生产型"
            }
          }
        }
      ],
      "length": 1.0
    }
  },
  {
    "p": {
      "start": {
        "identity": 46,
        "labels": [
          "Enterprise"
        ],
        "properties": {
          "name": "深圳市鑫立达宏科技有限公司",
          "setup_time": "2005/7/13",
          "address": "深圳市龙华区福城街道茜坑社区观澜大道19号23栋603",
          "captial": "100.0万人民币",
          "credit_code": "91440300777175432L"
        }
      },
      "end": {
        "identity": 121018,
        "labels": [
          "Country"
        ],
        "properties": {
          "name": "中国香港"
        }
      },
      "segments": [
        {
          "start": {
            "identity": 46,
            "labels": [
              "Enterprise"
            ],
            "properties": {
              "name": "深圳市鑫立达宏科技有限公司",
              "setup_time": "2005/7/13",
              "address": "深圳市龙华区福城街道茜坑社区观澜大道19号23栋603",
              "captial": "100.0万人民币",
              "credit_code": "91440300777175432L"
            }
          },
          "relationship": {
            "identity": 534438,
            "start": 46,
            "end": 121018,
            "type": "export",
            "properties": {
              "name": "出口"
            }
          },
          "end": {
            "identity": 121018,
            "labels": [
              "Country"
            ],
            "properties": {
              "name": "中国香港"
            }
          }
        }
      ],
      "length": 1.0
    }
  },
  {
    "p": {
      "start": {
        "identity": 46,
        "labels": [
          "Enterprise"
        ],
        "properties": {
          "name": "深圳市鑫立达宏科技有限公司",
          "setup_time": "2005/7/13",
          "address": "深圳市龙华区福城街道茜坑社区观澜大道19号23栋603",
          "captial": "100.0万人民币",
          "credit_code": "91440300777175432L"
        }
      },
      "end": {
        "identity": 120916,
        "labels": [
          "Country"
        ],
        "properties": {
          "name": "斯里兰卡"
        }
      },
      "segments": [
        {
          "start": {
            "identity": 46,
            "labels": [
              "Enterprise"
            ],
            "properties": {
              "name": "深圳市鑫立达宏科技有限公司",
              "setup_time": "2005/7/13",
              "address": "深圳市龙华区福城街道茜坑社区观澜大道19号23栋603",
              "captial": "100.0万人民币",
              "credit_code": "91440300777175432L"
            }
          },
          "relationship": {
            "identity": 532199,
            "start": 46,
            "end": 120916,
            "type": "export",
            "properties": {
              "name": "出口"
            }
          },
          "end": {
            "identity": 120916,
            "labels": [
              "Country"
            ],
            "properties": {
              "name": "斯里兰卡"
            }
          }
        }
      ],
      "length": 1.0
    }
  },
  {
    "p": {
      "start": {
        "identity": 46,
        "labels": [
          "Enterprise"
        ],
        "properties": {
          "name": "深圳市鑫立达宏科技有限公司",
          "setup_time": "2005/7/13",
          "address": "深圳市龙华区福城街道茜坑社区观澜大道19号23栋603",
          "captial": "100.0万人民币",
          "credit_code": "91440300777175432L"
        }
      },
      "end": {
        "identity": 120786,
        "labels": [
          "Country"
        ],
        "properties": {
          "name": "印度"
        }
      },
      "segments": [
        {
          "start": {
            "identity": 46,
            "labels": [
              "Enterprise"
            ],
            "properties": {
              "name": "深圳市鑫立达宏科技有限公司",
              "setup_time": "2005/7/13",
              "address": "深圳市龙华区福城街道茜坑社区观澜大道19号23栋603",
              "captial": "100.0万人民币",
              "credit_code": "91440300777175432L"
            }
          },
          "relationship": {
            "identity": 504363,
            "start": 46,
            "end": 120786,
            "type": "export",
            "properties": {
              "name": "出口"
            }
          },
          "end": {
            "identity": 120786,
            "labels": [
              "Country"
            ],
            "properties": {
              "name": "印度"
            }
          }
        }
      ],
      "length": 1.0
    }
  },
  {
    "p": {
      "start": {
        "identity": 46,
        "labels": [
          "Enterprise"
        ],
        "properties": {
          "name": "深圳市鑫立达宏科技有限公司",
          "setup_time": "2005/7/13",
          "address": "深圳市龙华区福城街道茜坑社区观澜大道19号23栋603",
          "captial": "100.0万人民币",
          "credit_code": "91440300777175432L"
        }
      },
      "end": {
        "identity": 120802,
        "labels": [
          "Country"
        ],
        "properties": {
          "name": "阿联酋"
        }
      },
      "segments": [
        {
          "start": {
            "identity": 46,
            "labels": [
              "Enterprise"
            ],
            "properties": {
              "name": "深圳市鑫立达宏科技有限公司",
              "setup_time": "2005/7/13",
              "address": "深圳市龙华区福城街道茜坑社区观澜大道19号23栋603",
              "captial": "100.0万人民币",
              "credit_code": "91440300777175432L"
            }
          },
          "relationship": {
            "identity": 484125,
            "start": 46,
            "end": 120802,
            "type": "export",
            "properties": {
              "name": "出口"
            }
          },
          "end": {
            "identity": 120802,
            "labels": [
              "Country"
            ],
            "properties": {
              "name": "阿联酋"
            }
          }
        }
      ],
      "length": 1.0
    }
  },
  {
    "p": {
      "start": {
        "identity": 46,
        "labels": [
          "Enterprise"
        ],
        "properties": {
          "name": "深圳市鑫立达宏科技有限公司",
          "setup_time": "2005/7/13",
          "address": "深圳市龙华区福城街道茜坑社区观澜大道19号23栋603",
          "captial": "100.0万人民币",
          "credit_code": "91440300777175432L"
        }
      },
      "end": {
        "identity": 120978,
        "labels": [
          "Country"
        ],
        "properties": {
          "name": "伊拉克"
        }
      },
      "segments": [
        {
          "start": {
            "identity": 46,
            "labels": [
              "Enterprise"
            ],
            "properties": {
              "name": "深圳市鑫立达宏科技有限公司",
              "setup_time": "2005/7/13",
              "address": "深圳市龙华区福城街道茜坑社区观澜大道19号23栋603",
              "captial": "100.0万人民币",
              "credit_code": "91440300777175432L"
            }
          },
          "relationship": {
            "identity": 475425,
            "start": 46,
            "end": 120978,
            "type": "export",
            "properties": {
              "name": "出口"
            }
          },
          "end": {
            "identity": 120978,
            "labels": [
              "Country"
            ],
            "properties": {
              "name": "伊拉克"
            }
          }
        }
      ],
      "length": 1.0
    }
  },
  {
    "p": {
      "start": {
        "identity": 46,
        "labels": [
          "Enterprise"
        ],
        "properties": {
          "name": "深圳市鑫立达宏科技有限公司",
          "setup_time": "2005/7/13",
          "address": "深圳市龙华区福城街道茜坑社区观澜大道19号23栋603",
          "captial": "100.0万人民币",
          "credit_code": "91440300777175432L"
        }
      },
      "end": {
        "identity": 120976,
        "labels": [
          "Country"
        ],
        "properties": {
          "name": "阿富汗"
        }
      },
      "segments": [
        {
          "start": {
            "identity": 46,
            "labels": [
              "Enterprise"
            ],
            "properties": {
              "name": "深圳市鑫立达宏科技有限公司",
              "setup_time": "2005/7/13",
              "address": "深圳市龙华区福城街道茜坑社区观澜大道19号23栋603",
              "captial": "100.0万人民币",
              "credit_code": "91440300777175432L"
            }
          },
          "relationship": {
            "identity": 380370,
            "start": 46,
            "end": 120976,
            "type": "export",
            "properties": {
              "name": "出口"
            }
          },
          "end": {
            "identity": 120976,
            "labels": [
              "Country"
            ],
            "properties": {
              "name": "阿富汗"
            }
          }
        }
      ],
      "length": 1.0
    }
  },
  {
    "p": {
      "start": {
        "identity": 46,
        "labels": [
          "Enterprise"
        ],
        "properties": {
          "name": "深圳市鑫立达宏科技有限公司",
          "setup_time": "2005/7/13",
          "address": "深圳市龙华区福城街道茜坑社区观澜大道19号23栋603",
          "captial": "100.0万人民币",
          "credit_code": "91440300777175432L"
        }
      },
      "end": {
        "identity": 120880,
        "labels": [
          "Country"
        ],
        "properties": {
          "name": "马来西亚"
        }
      },
      "segments": [
        {
          "start": {
            "identity": 46,
            "labels": [
              "Enterprise"
            ],
            "properties": {
              "name": "深圳市鑫立达宏科技有限公司",
              "setup_time": "2005/7/13",
              "address": "深圳市龙华区福城街道茜坑社区观澜大道19号23栋603",
              "captial": "100.0万人民币",
              "credit_code": "91440300777175432L"
            }
          },
          "relationship": {
            "identity": 311756,
            "start": 46,
            "end": 120880,
            "type": "export",
            "properties": {
              "name": "出口"
            }
          },
          "end": {
            "identity": 120880,
            "labels": [
              "Country"
            ],
            "properties": {
              "name": "马来西亚"
            }
          }
        }
      ],
      "length": 1.0
    }
  },
  {
    "p": {
      "start": {
        "identity": 46,
        "labels": [
          "Enterprise"
        ],
        "properties": {
          "name": "深圳市鑫立达宏科技有限公司",
          "setup_time": "2005/7/13",
          "address": "深圳市龙华区福城街道茜坑社区观澜大道19号23栋603",
          "captial": "100.0万人民币",
          "credit_code": "91440300777175432L"
        }
      },
      "end": {
        "identity": 120919,
        "labels": [
          "Country"
        ],
        "properties": {
          "name": "卡塔尔"
        }
      },
      "segments": [
        {
          "start": {
            "identity": 46,
            "labels": [
              "Enterprise"
            ],
            "properties": {
              "name": "深圳市鑫立达宏科技有限公司",
              "setup_time": "2005/7/13",
              "address": "深圳市龙华区福城街道茜坑社区观澜大道19号23栋603",
              "captial": "100.0万人民币",
              "credit_code": "91440300777175432L"
            }
          },
          "relationship": {
            "identity": 277377,
            "start": 46,
            "end": 120919,
            "type": "export",
            "properties": {
              "name": "出口"
            }
          },
          "end": {
            "identity": 120919,
            "labels": [
              "Country"
            ],
            "properties": {
              "name": "卡塔尔"
            }
          }
        }
      ],
      "length": 1.0
    }
  },
  {
    "p": {
      "start": {
        "identity": 46,
        "labels": [
          "Enterprise"
        ],
        "properties": {
          "name": "深圳市鑫立达宏科技有限公司",
          "setup_time": "2005/7/13",
          "address": "深圳市龙华区福城街道茜坑社区观澜大道19号23栋603",
          "captial": "100.0万人民币",
          "credit_code": "91440300777175432L"
        }
      },
      "end": {
        "identity": 120893,
        "labels": [
          "Country"
        ],
        "properties": {
          "name": "科威特"
        }
      },
      "segments": [
        {
          "start": {
            "identity": 46,
            "labels": [
              "Enterprise"
            ],
            "properties": {
              "name": "深圳市鑫立达宏科技有限公司",
              "setup_time": "2005/7/13",
              "address": "深圳市龙华区福城街道茜坑社区观澜大道19号23栋603",
              "captial": "100.0万人民币",
              "credit_code": "91440300777175432L"
            }
          },
          "relationship": {
            "identity": 244652,
            "start": 46,
            "end": 120893,
            "type": "export",
            "properties": {
              "name": "出口"
            }
          },
          "end": {
            "identity": 120893,
            "labels": [
              "Country"
            ],
            "properties": {
              "name": "科威特"
            }
          }
        }
      ],
      "length": 1.0
    }
  },
  {
    "p": {
      "start": {
        "identity": 46,
        "labels": [
          "Enterprise"
        ],
        "properties": {
          "name": "深圳市鑫立达宏科技有限公司",
          "setup_time": "2005/7/13",
          "address": "深圳市龙华区福城街道茜坑社区观澜大道19号23栋603",
          "captial": "100.0万人民币",
          "credit_code": "91440300777175432L"
        }
      },
      "end": {
        "identity": 120853,
        "labels": [
          "Region"
        ],
        "properties": {
          "name": "广东省"
        }
      },
      "segments": [
        {
          "start": {
            "identity": 46,
            "labels": [
              "Enterprise"
            ],
            "properties": {
              "name": "深圳市鑫立达宏科技有限公司",
              "setup_time": "2005/7/13",
              "address": "深圳市龙华区福城街道茜坑社区观澜大道19号23栋603",
              "captial": "100.0万人民币",
              "credit_code": "91440300777175432L"
            }
          },
          "relationship": {
            "identity": 32064,
            "start": 46,
            "end": 120853,
            "type": "locate",
            "properties": {
              "name": "所在地区"
            }
          },
          "end": {
            "identity": 120853,
            "labels": [
              "Region"
            ],
            "properties": {
              "name": "广东省"
            }
          }
        }
      ],
      "length": 1.0
    }
  }
]